Ticker,Real Ticker,Name
RELIANCE.NS,RELIANCE,Reliance Industries Limited
TCS.NS,TCS,Tata Consultancy Services Limited
HDFCBANK.NS,HDFCBANK,HDFC Bank Limited
BHARTIARTL.NS,BHARTIARTL,Bharti Airtel Limited
ICICIBANK.NS,ICICIBANK,ICICI Bank Limited
INFY.NS,INFY,Infosys Limited
SBIN.NS,SBIN,State Bank of India
LICI.NS,LICI,Life Insurance Corporation of India
HINDUNILVR.NS,HINDUNILVR,Hindustan Unilever Limited
ITC.NS,ITC,ITC Limited
LT.NS,LT,Larsen & Toubro Limited
BAJFINANCE.NS,BAJFINANCE,Bajaj Finance Limited
HCLTECH.NS,HCLTECH,HCL Technologies Limited
MARUTI.NS,MARUTI,Maruti Suzuki India Limited
SUNPHARMA.NS,SUNPHARMA,Sun Pharmaceutical Industries Limited
ADANIENT.NS,ADANIENT,Adani Enterprises Limited
KOTAKBANK.NS,KOTAKBANK,Kotak Mahindra Bank Limited
TITAN.NS,TITAN,Titan Company Limited
AXISBANK.NS,AXISBANK,Axis Bank Limited
ADANIPORTS.NS,ADANIPORTS,Adani Ports and Special Economic Zone Limited
ASIANPAINT.NS,ASIANPAINT,Asian Paints Limited
ULTRACEMCO.NS,ULTRACEMCO,UltraTech Cement Limited
NTPC.NS,NTPC,NTPC Limited
TMCV.NS,TATAMOTORS,Tata Motors Limited
M&M.NS,M&M,Mahindra & Mahindra Limited
ONGC.NS,ONGC,Oil & Natural Gas Corporation Limited
COALINDIA.NS,COALINDIA,Coal India Limited
POWERGRID.NS,POWERGRID,Power Grid Corporation of India Limited
ADANIGREEN.NS,ADANIGREEN,Adani Green Energy Limited
ADANIPOWER.NS,ADANIPOWER,Adani Power Limited
NESTLEIND.NS,NESTLEIND,Nestle India Limited
BAJAJFINSV.NS,BAJAJFINSV,Bajaj Finserv Limited
JSWENERGY.NS,JSWENERGY,JSW Energy Limited
JSWSTEEL.NS,JSWSTEEL,JSW Steel Limited
TATASTEEL.NS,TATASTEEL,Tata Steel Limited
DLF.NS,DLF,DLF Limited
GRASIM.NS,GRASIM,Grasim Industries Limited
LTIM.NS,LTIM,LTIMindtree Limited
SBILIFE.NS,SBILIFE,SBI Life Insurance Company Limited
VBL.NS,VBL,Varun Beverages Limited
SIEMENS.NS,SIEMENS,Siemens Limited
INDIGO.NS,INDIGO,InterGlobe Aviation Limited
HINDALCO.NS,HINDALCO,Hindalco Industries Limited
HAL.NS,HAL,Hindustan Aeronautics Limited
BRITANNIA.NS,BRITANNIA,Britannia Industries Limited
CIPLA.NS,CIPLA,Cipla Limited
ADANIENSOL.NS,ADANIENSOL,Adani Energy Solutions Limited
EICHERMOT.NS,EICHERMOT,Eicher Motors Limited
ETERNAL.NS,ETERNAL,Zomato(ETERNAL) Limited
TRENT.NS,TRENT,Trent Limited
GAIL.NS,GAIL,GAIL (India) Limited
INDUSINDBK.NS,INDUSINDBK,IndusInd Bank Limited
BANKBARODA.NS,BANKBARODA,Bank of Baroda
DIVISLAB.NS,DIVISLAB,Divi's Laboratories Limited
CHOLAFIN.NS,CHOLAFIN,Cholamandalam Investment & Fin Co
ATGL.NS,ATGL,Adani Total Gas Limited
DRREDDY.NS,DRREDDY,Dr. Reddy's Laboratories Limited
PNB.NS,PNB,Punjab National Bank
SHREECEM.NS,SHREECEM,Shree Cement Limited
BPCL.NS,BPCL,Bharat Petroleum Corporation Limited
TVSMOTOR.NS,TVSMOTOR,TVS Motor Company Limited
APOLLOHOSP.NS,APOLLOHOSP,Apollo Hospitals Enterprise Limited
BEL.NS,BEL,Bharat Electronics Limited
BAJAJ-AUTO.NS,BAJAJ-AUTO,Bajaj Auto Limited
ABB.NS,ABB,ABB India Limited
JIOFIN.NS,JIOFIN,Jio Financial Services Limited
HEROMOTOCO.NS,HEROMOTOCO,Hero MotoCorp Limited
CANBK.NS,CANBK,Canara Bank
PIDILITIND.NS,PIDILITIND,Pidilite Industries Limited
AMBUJACEM.NS,AMBUJACEM,Ambuja Cements Limited
ICICIPRULI.NS,ICICIPRULI,ICICI Prudential Life Insurance
UNITDSPR.NS,MCDOWELL-N,United Spirits Limited
GODREJCP.NS,GODREJCP,Godrej Consumer Products Limited
TECHM.NS,TECHM,Tech Mahindra Limited
JINDALSTEL.NS,JINDALSTEL,Jindal Steel & Power Limited
TATACONSUM.NS,TATACONSUM,Tata Consumer Products Limited
IOC.NS,IOC,Indian Oil Corporation Limited
HAVELLS.NS,HAVELLS,Havells India Limited
BOSCHLTD.NS,BOSCHLTD,Bosch Limited
BHARATFORG.NS,BHARATFORG,Bharat Forge Limited
TATACOMM.NS,TATACOMM,Tata Communications Limited
PERSISTENT.NS,PERSISTENT,Persistent Systems Limited
IDFCFIRSTB.NS,IDFCFIRSTB,IDFC First Bank Limited
YESBANK.NS,YESBANK,Yes Bank Limited
TATAELXSI.NS,TATAELXSI,Tata Elxsi Limited
POLYCAB.NS,POLYCAB,Polycab India Limited
SRF.NS,SRF,SRF Limited
MARICO.NS,MARICO,Marico Limited
CUMMINSIND.NS,CUMMINSIND,Cummins India Limited
COLPAL.NS,COLPAL,Colgate-Palmolive (India) Limited
MUTHOOTFIN.NS,MUTHOOTFIN,Muthoot Finance Limited
ASHOKLEY.NS,ASHOKLEY,Ashok Leyland Limited
PIIND.NS,PIIND,PI Industries Limited
AUROPHARMA.NS,AUROPHARMA,Aurobindo Pharma Limited
LUPIN.NS,LUPIN,Lupin Limited
BALKRISIND.NS,BALKRISIND,Balkrishna Industries Limited
PGHH.NS,PGHH,Procter & Gamble Hygiene & Health Care
MRF.NS,MRF,MRF Limited
DALBHARAT.NS,DALBHARAT,Dalmia Bharat Limited
